edition,round,home_team,away_team,date,home_result,away_result,result,city,id_match
1930,Poules,France,Mexico ,1930-01-01,4,1,home_team,Montevideo,1
1930,Finale,Uruguay,Argentina,1930-01-01,4,2,home_team,Montevideo,2
1930,Demi-finales,Uruguay,Yugoslavia ,1930-01-01,6,1,home_team,Montevideo,3
1930,Demi-finales,Argentina,USA,1930-01-01,6,1,home_team,Montevideo,4
1930,Poules,Argentina,Chile,1930-01-01,3,1,home_team,Montevideo,5
1930,Poules,Uruguay,Romania ,1930-01-01,4,0,home_team,Montevideo,6
1930,Poules,Brazil ,Bolivia,1930-01-01,4,0,home_team,Montevideo,7
1930,Poules,Argentina,Mexico ,1930-01-01,6,3,home_team,Montevideo,8
1930,Poules,Chile,France,1930-01-01,1,0,home_team,Montevideo,9
1930,Poules,Paraguay,Belgium ,1930-01-01,1,0,home_team,Montevideo,10
1930,Poules,USA,Paraguay,1930-01-01,3,0,home_team,Montevideo,11
1930,Poules,Yugoslavia ,Bolivia,1930-01-01,4,0,home_team,Montevideo,12
1930,Poules,Chile,Mexico ,1930-01-01,3,0,home_team,Montevideo,13
1930,Poules,Argentina,France,1930-01-01,1,0,home_team,Montevideo,14
1930,Poules,Romania ,Peru ,1930-01-01,3,1,home_team,Montevideo,15
1930,Poules,Yugoslavia ,Brazil ,1930-01-01,2,1,home_team,Montevideo,16
1930,Poules,USA,Belgium ,1930-01-01,3,0,home_team,Montevideo,17
1930,Poules,Uruguay,Peru ,1930-01-01,1,0,home_team,Montevideo,18
1934,Quarts de finale,Czechoslovakia ,Switzerland ,1934-01-01,3,2,home_team,Torino,19
1934,Finale,Italy ,Czechoslovakia ,1934-01-01,2,1,home_team,Roma,20
1934,Troisième place,Germany ,Austria ,1934-01-01,3,2,home_team,Napoli,21
1934,Demi-finales,Czechoslovakia ,Germany ,1934-01-01,3,1,home_team,Roma,22
1934,Quarts de finale,Italy ,Spain ,1934-01-01,1,0,home_team,Firenze,23
1934,Quarts de finale,Italy ,Spain ,1934-01-01,1,1,draw,Firenze,24
1934,Quarts de finale,Germany ,Sweden ,1934-01-01,2,1,home_team,Milano,25
1934,Quarts de finale,Austria ,Hungary ,1934-01-01,2,1,home_team,Bologna,26
1934,Demi-finales,Italy ,Austria ,1934-01-01,1,0,home_team,Milano,27
1934,Huitièmes de finale,Spain ,Brazil ,1934-01-01,3,1,home_team,Genova,28
1934,Huitièmes de finale,Sweden ,Argentina,1934-01-01,3,2,home_team,Bologna,29
1934,Huitièmes de finale,Switzerland ,Netherlands ,1934-01-01,3,2,home_team,Milano,30
1934,Huitièmes de finale,Czechoslovakia ,Romania ,1934-01-01,2,1,home_team,Trieste,31
1934,Huitièmes de finale,Germany ,Belgium ,1934-01-01,5,2,home_team,Firenze,32
1934,Huitièmes de finale,Austria ,France,1934-01-01,3,2,home_team,Torino,33
1934,Huitièmes de finale,Italy ,USA,1934-01-01,7,1,home_team,Roma,34
1934,Huitièmes de finale,Hungary ,Egypt ,1934-01-01,4,2,home_team,Napoli,35
1938,Finale,Italy ,Hungary ,1938-01-01,4,2,home_team,Paris,36
1938,Troisième place,Brazil ,Sweden ,1938-01-01,4,2,home_team,Bordeaux,37
1938,Demi-finales,Hungary ,Sweden ,1938-01-01,5,1,home_team,Paris,38
1938,Demi-finales,Italy ,Brazil ,1938-01-01,2,1,home_team,Marseille,39
1938,Quarts de finale,Brazil ,Czechoslovakia ,1938-01-01,2,1,home_team,Bordeaux,40
1938,Quarts de finale,Sweden ,Cuba,1938-01-01,8,0,home_team,Antibes,41
1938,Quarts de finale,Hungary ,Switzerland ,1938-01-01,2,0,home_team,Lille,42
1938,Quarts de finale,Italy ,France,1938-01-01,3,1,home_team,Paris,43
1938,Quarts de finale,Brazil ,Czechoslovakia ,1938-01-01,1,1,draw,Bordeaux,44
1938,Huitièmes de finale,Switzerland ,Germany ,1938-01-01,4,2,home_team,Paris,45
1938,Huitièmes de finale,Czechoslovakia ,Netherlands ,1938-01-01,3,0,home_team,Le_Havre,46
1938,Huitièmes de finale,Brazil ,Poland ,1938-01-01,6,5,home_team,Strasbourg,47
1938,Huitièmes de finale,Cuba,Romania ,1938-01-01,3,3,draw,Toulouse,48
1938,Huitièmes de finale,Hungary ,Dutch East Indies ,1938-01-01,6,0,home_team,Reims,49
1938,Huitièmes de finale,France,Belgium ,1938-01-01,3,1,home_team,Paris,50
1938,Huitièmes de finale,Italy ,Norway ,1938-01-01,2,1,home_team,Marseille,51
1938,Huitièmes de finale,Switzerland ,Germany ,1938-01-01,1,1,draw,Paris,52
1938,Huitièmes de finale,Cuba,Romania ,1938-01-01,2,1,home_team,Toulouse,53
1950,Poules,Uruguay,Bolivia,1950-01-01,8,0,home_team,Belo Horizonte,54
1950,Poules,Switzerland ,Mexico ,1950-01-01,2,1,home_team,Porto_Alegre,55
1950,Poules,Chile,USA,1950-01-01,5,2,home_team,Recife,56
1950,Finale,Brazil ,Sweden ,1950-01-01,7,1,home_team,Rio De Janeiro,57
1950,Finale,Uruguay,Brazil ,1950-01-01,2,1,home_team,Rio De Janeiro,58
1950,Finale,Uruguay,Sweden ,1950-01-01,3,2,home_team,São_Paulo,59
1950,Finale,Brazil ,Spain ,1950-01-01,6,1,home_team,Rio De Janeiro,60
1950,Finale,Sweden ,Spain ,1950-01-01,3,1,home_team,São_Paulo,61
1950,Poules,Italy ,Paraguay,1950-01-01,2,0,home_team,São_Paulo,62
1950,Finale,Uruguay,Spain ,1950-01-01,2,2,draw,São_Paulo,63
1950,Poules,Spain ,England,1950-01-01,1,0,home_team,Rio De Janeiro,64
1950,Poules,Brazil ,Switzerland ,1950-01-01,2,2,draw,São_Paulo,65
1950,Poules,USA,England,1950-01-01,1,0,home_team,Belo Horizonte,66
1950,Poules,Sweden ,Paraguay,1950-01-01,2,2,draw,Curitiba,67
1950,Poules,Spain ,Chile,1950-01-01,2,0,home_team,Rio De Janeiro,68
1950,Poules,Yugoslavia ,Mexico ,1950-01-01,4,1,home_team,Porto_Alegre,69
1950,Poules,Yugoslavia ,Switzerland ,1950-01-01,3,0,home_team,Belo Horizonte,70
1950,Poules,Sweden ,Italy ,1950-01-01,3,2,home_team,São_Paulo,71
1950,Poules,Spain ,USA,1950-01-01,3,1,home_team,Curitiba,72
1950,Poules,England,Chile,1950-01-01,2,0,home_team,Rio De Janeiro,73
1950,Poules,Brazil ,Mexico ,1950-01-01,4,0,home_team,Rio De Janeiro,74
1950,Poules,Brazil ,Yugoslavia ,1950-01-01,2,0,home_team,Rio De Janeiro,75
1954,Poules,England,Switzerland ,1954-01-01,2,0,home_team,Bern,76
1954,Poules,Switzerland ,Italy ,1954-01-01,4,1,home_team,Basel,77
1954,Quarts de finale,Uruguay,England,1954-01-01,4,2,home_team,Basel,78
1954,Quarts de finale,Austria ,Switzerland ,1954-01-01,7,5,home_team,Lausanne,79
1954,Troisième place,Austria ,Uruguay,1954-01-01,3,1,home_team,Zürich,80
1954,Quarts de finale,FRG ,Yugoslavia ,1954-01-01,2,0,home_team,Genève,81
1954,Demi-finales,Hungary ,Uruguay,1954-01-01,4,2,home_team,Lausanne,82
1954,Demi-finales,FRG ,Austria ,1954-01-01,6,1,home_team,Basel,83
1954,Poules,Italy ,Belgium ,1954-01-01,4,1,home_team,Lugano,84
1954,Finale,FRG ,Hungary ,1954-01-01,3,2,home_team,Bern,85
1954,Quarts de finale,Hungary ,Brazil ,1954-01-01,4,2,home_team,Bern,86
1954,Poules,Turkey ,South Korea ,1954-01-01,7,0,home_team,Genève,87
1954,Poules,FRG ,Turkey ,1954-01-01,7,2,home_team,Zürich,88
1954,Poules,France,Mexico ,1954-01-01,3,2,home_team,Genève,89
1954,Poules,Hungary ,FRG ,1954-01-01,8,3,home_team,Basel,90
1954,Poules,Yugoslavia ,France,1954-01-01,1,0,home_team,Lausanne,91
1954,Poules,Brazil ,Mexico ,1954-01-01,5,0,home_team,Genève,92
1954,Poules,Uruguay,Czechoslovakia ,1954-01-01,2,0,home_team,Bern,93
1954,Poules,Switzerland ,Italy ,1954-01-01,2,1,home_team,Lausanne,94
1954,Poules,Austria ,Scotland,1954-01-01,1,0,home_team,Zürich,95
1954,Poules,FRG ,Turkey ,1954-01-01,4,1,home_team,Bern,96
1954,Poules,England,Belgium ,1954-01-01,4,4,draw,Basel,97
1954,Poules,Uruguay,Scotland,1954-01-01,7,0,home_team,Basel,98
1954,Poules,Brazil ,Yugoslavia ,1954-01-01,1,1,draw,Lausanne,99
1954,Poules,Austria ,Czechoslovakia ,1954-01-01,5,0,home_team,Zürich,100
1954,Poules,Hungary ,South Korea ,1954-01-01,9,0,home_team,Zürich,101
1958,Poules,Wales ,Hungary ,1958-01-01,2,1,home_team,Stockholm,102
1958,Poules,France,Scotland,1958-01-01,2,1,home_team,Örebro,103
1958,Poules,Yugoslavia ,Paraguay,1958-01-01,3,3,draw,Eskilstuna,104
1958,Poules,Hungary ,Mexico ,1958-01-01,4,0,home_team,Sandviken,105
1958,Poules,Brazil ,Soviet Union ,1958-01-01,2,0,home_team,Göteborg,106
1958,Poules,England,Austria ,1958-01-01,2,2,draw,Borås,107
1958,Poules,Soviet Union ,England,1958-01-01,1,0,home_team,Göteborg,108
1958,Troisième place,France,FRG ,1958-01-01,6,3,home_team,Göteborg,109
1958,Quarts de finale,FRG ,Yugoslavia ,1958-01-01,1,0,home_team,Malmö,110
1958,Quarts de finale,France,Northern Ireland ,1958-01-01,4,0,home_team,Norrköping,111
1958,Quarts de finale,Brazil ,Wales ,1958-01-01,1,0,home_team,Göteborg,112
1958,Demi-finales,Sweden ,FRG ,1958-01-01,3,1,home_team,Göteborg,113
1958,Demi-finales,Brazil ,France,1958-01-01,5,2,home_team,Stockholm,114
1958,Finale,Brazil ,Sweden ,1958-01-01,5,2,home_team,Stockholm,115
1958,Poules,Czechoslovakia ,Argentina,1958-01-01,6,1,home_team,Helsingborg,116
1958,Quarts de finale,Sweden ,Soviet Union ,1958-01-01,2,0,home_team,Stockholm,117
1958,Poules,FRG ,Northern Ireland ,1958-01-01,2,2,draw,Malmö,118
1958,Poules,Northern Ireland ,Czechoslovakia ,1958-01-01,2,1,home_team,Malmö,119
1958,Poules,Sweden ,Hungary ,1958-01-01,2,1,home_team,Stockholm,120
1958,Poules,Sweden ,Mexico ,1958-01-01,3,0,home_team,Stockholm,121
1958,Poules,FRG ,Argentina,1958-01-01,3,1,home_team,Malmö,122
1958,Poules,Northern Ireland ,Czechoslovakia ,1958-01-01,1,0,home_team,Halmstad,123
1958,Poules,France,Paraguay,1958-01-01,7,3,home_team,Norrköping,124
1958,Poules,Yugoslavia ,Scotland,1958-01-01,1,1,draw,Västerås,125
1958,Poules,Hungary ,Wales ,1958-01-01,1,1,draw,Sandviken,126
1958,Poules,England,Soviet Union ,1958-01-01,2,2,draw,Göteborg,127
1958,Poules,Brazil ,Austria ,1958-01-01,3,0,home_team,Uddevalla,128
1958,Poules,Sweden ,Wales ,1958-01-01,0,0,draw,Stockholm,129
1958,Poules,Argentina,Northern Ireland ,1958-01-01,3,1,home_team,Halmstad,130
1958,Poules,Paraguay,Scotland,1958-01-01,3,2,home_team,Norrköping,131
1958,Poules,Yugoslavia ,France,1958-01-01,3,2,home_team,Västerås,132
1958,Poules,Wales ,Mexico ,1958-01-01,1,1,draw,Stockholm,133
1958,Poules,Brazil ,England,1958-01-01,0,0,draw,Göteborg,134
1958,Poules,Soviet Union ,Austria ,1958-01-01,2,0,home_team,Borås,135
1958,Poules,FRG ,Czechoslovakia ,1958-01-01,2,2,draw,Helsingborg,136
1962,Poules,Brazil ,Spain ,1962-01-01,2,1,home_team,Viña Del Mar,137
1962,Poules,Yugoslavia ,Colombia,1962-01-01,5,0,home_team,Arica,138
1962,Poules,Italy ,Switzerland ,1962-01-01,3,0,home_team,Santiago,139
1962,Poules,Mexico ,Czechoslovakia ,1962-01-01,3,1,home_team,Viña Del Mar,140
1962,Poules,England,Bulgaria ,1962-01-01,0,0,draw,Rancagua,141
1962,Quarts de finale,Chile,Soviet Union ,1962-01-01,2,1,home_team,Arica,142
1962,Quarts de finale,Czechoslovakia ,Hungary ,1962-01-01,1,0,home_team,Rancagua,143
1962,Quarts de finale,Brazil ,England,1962-01-01,3,1,home_team,Viña Del Mar,144
1962,Poules,FRG ,Chile,1962-01-01,2,0,home_team,Santiago,145
1962,Demi-finales,Brazil ,Chile,1962-01-01,4,2,home_team,Santiago,146
1962,Demi-finales,Czechoslovakia ,Yugoslavia ,1962-01-01,3,1,home_team,Viña Del Mar,147
1962,Troisième place,Chile,Yugoslavia ,1962-01-01,1,0,home_team,Santiago,148
1962,Finale,Brazil ,Czechoslovakia ,1962-01-01,3,1,home_team,Santiago,149
1962,Quarts de finale,Yugoslavia ,FRG ,1962-01-01,1,0,home_team,Santiago,150
1962,Poules,Soviet Union ,Uruguay,1962-01-01,2,1,home_team,Arica,151
1962,Poules,Hungary ,Argentina,1962-01-01,0,0,draw,Rancagua,152
1962,Poules,Spain ,Mexico ,1962-01-01,1,0,home_team,Viña Del Mar,153
1962,Poules,Hungary ,Bulgaria ,1962-01-01,6,1,home_team,Rancagua,154
1962,Poules,Uruguay,Colombia,1962-01-01,2,1,home_team,Arica,155
1962,Poules,Chile,Switzerland ,1962-01-01,3,1,home_team,Santiago,156
1962,Poules,Brazil ,Mexico ,1962-01-01,2,0,home_team,Viña Del Mar,157
1962,Poules,Argentina,Bulgaria ,1962-01-01,1,0,home_team,Rancagua,158
1962,Poules,FRG ,Italy ,1962-01-01,0,0,draw,Santiago,159
1962,Poules,Czechoslovakia ,Spain ,1962-01-01,1,0,home_team,Viña Del Mar,160
1962,Poules,Soviet Union ,Yugoslavia ,1962-01-01,2,0,home_team,Arica,161
1962,Poules,Yugoslavia ,Uruguay,1962-01-01,3,1,home_team,Santiago,162
1962,Poules,Chile,Italy ,1962-01-01,2,0,home_team,Viña Del Mar,163
1962,Poules,Brazil ,Czechoslovakia ,1962-01-01,0,0,draw,Rancagua,164
1962,Poules,England,Argentina,1962-01-01,3,1,home_team,Arica,165
1962,Poules,Soviet Union ,Colombia,1962-01-01,4,4,draw,Arica,166
1962,Poules,FRG ,Switzerland ,1962-01-01,2,1,home_team,Santiago,167
1962,Poules,Hungary ,England,1962-01-01,2,1,home_team,Rancagua,168
1966,Poules,Hungary ,Bulgaria ,1966-01-01,3,1,home_team,Manchester,169
1966,Poules,Portugal,Brazil ,1966-01-01,3,1,home_team,Liverpool,170
1966,Poules,North Korea ,Italy ,1966-01-01,1,0,home_team,Middlesbrough,171
1966,Poules,England,France,1966-01-01,2,0,home_team,London,172
1966,Poules,FRG ,Spain ,1966-01-01,2,1,home_team,Birmingham,173
1966,Poules,Soviet Union ,Chile,1966-01-01,2,1,home_team,Sunderland,174
1966,Poules,Argentina,Switzerland ,1966-01-01,2,0,home_team,Sheffield,175
1966,Quarts de finale,Portugal,North Korea ,1966-01-01,5,3,home_team,Liverpool,176
1966,Quarts de finale,Soviet Union ,Hungary ,1966-01-01,2,1,home_team,Sunderland,177
1966,Quarts de finale,England,Argentina,1966-01-01,1,0,home_team,London,178
1966,Demi-finales,FRG ,Soviet Union ,1966-01-01,2,1,home_team,Liverpool,179
1966,Demi-finales,England,Portugal,1966-01-01,2,1,home_team,London,180
1966,Troisième place,Portugal,Soviet Union ,1966-01-01,2,1,home_team,London,181
1966,Quarts de finale,FRG ,Uruguay,1966-01-01,4,0,home_team,Sheffield,182
1966,Finale,England,FRG ,1966-01-01,4,2,home_team,London,183
1966,Poules,Mexico ,Uruguay,1966-01-01,0,0,draw,London,184
1966,Poules,Soviet Union ,Italy ,1966-01-01,1,0,home_team,Sunderland,185
1966,Poules,England,Mexico ,1966-01-01,2,0,home_team,London,186
1966,Poules,England,Uruguay,1966-01-01,0,0,draw,London,187
1966,Poules,FRG ,Switzerland ,1966-01-01,5,0,home_team,Sheffield,188
1966,Poules,Brazil ,Bulgaria ,1966-01-01,2,0,home_team,Liverpool,189
1966,Poules,Soviet Union ,North Korea ,1966-01-01,3,0,home_team,Middlesbrough,190
1966,Poules,Argentina,Spain ,1966-01-01,2,1,home_team,Birmingham,191
1966,Poules,Portugal,Hungary ,1966-01-01,3,1,home_team,Manchester,192
1966,Poules,France,Mexico ,1966-01-01,1,1,draw,London,193
1966,Poules,Uruguay,France,1966-01-01,2,1,home_team,London,194
1966,Poules,Spain ,Switzerland ,1966-01-01,2,1,home_team,Sheffield,195
1966,Poules,Hungary ,Brazil ,1966-01-01,3,1,home_team,Liverpool,196
1966,Poules,North Korea ,Chile,1966-01-01,1,1,draw,Middlesbrough,197
1966,Poules,FRG ,Argentina,1966-01-01,0,0,draw,Birmingham,198
1966,Poules,Portugal,Bulgaria ,1966-01-01,3,0,home_team,Manchester,199
1966,Poules,Italy ,Chile,1966-01-01,2,0,home_team,Sunderland,200
1970,Poules,England,Czechoslovakia ,1970-01-01,1,0,home_team,Guadalajara,201
1970,Poules,Brazil ,Romania ,1970-01-01,3,2,home_team,Guadalajara,202
1970,Poules,FRG ,Peru ,1970-01-01,3,1,home_team,León,203
1970,Poules,Mexico ,Belgium ,1970-01-01,1,0,home_team,México Df,204
1970,Poules,Italy ,Israel ,1970-01-01,0,0,draw,Toluca,205
1970,Poules,Bulgaria ,Morocco ,1970-01-01,1,1,draw,León,206
1970,Finale,Brazil ,Italy ,1970-01-01,4,1,home_team,México Df,207
1970,Quarts de finale,Italy ,Mexico ,1970-01-01,4,1,home_team,Toluca,208
1970,Quarts de finale,Brazil ,Peru ,1970-01-01,4,2,home_team,Guadalajara,209
1970,Quarts de finale,FRG ,England,1970-01-01,3,2,home_team,León,210
1970,Demi-finales,Brazil ,Uruguay,1970-01-01,3,1,home_team,Guadalajara,211
1970,Demi-finales,Italy ,FRG ,1970-01-01,4,3,home_team,México Df,212
1970,Troisième place,FRG ,Uruguay,1970-01-01,1,0,home_team,México Df,213
1970,Quarts de finale,Uruguay,Soviet Union ,1970-01-01,1,0,home_team,México Df,214
1970,Poules,Soviet Union ,El Salvador,1970-01-01,2,0,home_team,México Df,215
1970,Poules,Sweden ,Uruguay,1970-01-01,1,0,home_team,Puebla,216
1970,Poules,Brazil ,England,1970-01-01,1,0,home_team,Guadalajara,217
1970,Poules,FRG ,Bulgaria ,1970-01-01,5,2,home_team,León,218
1970,Poules,Soviet Union ,Mexico ,1970-01-01,0,0,draw,México Df,219
1970,Poules,Uruguay,Israel ,1970-01-01,2,0,home_team,Puebla,220
1970,Poules,England,Romania ,1970-01-01,1,0,home_team,Guadalajara,221
1970,Poules,Belgium ,El Salvador,1970-01-01,3,0,home_team,México Df,222
1970,Poules,Italy ,Sweden ,1970-01-01,1,0,home_team,Toluca,223
1970,Poules,Brazil ,Czechoslovakia ,1970-01-01,4,1,home_team,Guadalajara,224
1970,Poules,Peru ,Bulgaria ,1970-01-01,3,2,home_team,León,225
1970,Poules,Soviet Union ,Belgium ,1970-01-01,4,1,home_team,México Df,226
1970,Poules,Italy ,Uruguay,1970-01-01,0,0,draw,Puebla,227
1970,Poules,Romania ,Czechoslovakia ,1970-01-01,2,1,home_team,Guadalajara,228
1970,Poules,Peru ,Morocco ,1970-01-01,3,0,home_team,León,229
1970,Poules,Mexico ,El Salvador,1970-01-01,4,0,home_team,México Df,230
1970,Poules,Sweden ,Israel ,1970-01-01,1,1,draw,Toluca,231
1970,Poules,FRG ,Morocco ,1970-01-01,2,1,home_team,León,232
1974,Demi-finales,Sweden ,Poland ,1974-01-01,0,1,away_home,Stuttgart,233
1974,Poules,Sweden ,Uruguay,1974-01-01,3,0,home_team,Düsseldorf,234
1974,Poules,Argentina,Haiti ,1974-01-01,4,1,home_team,München,235
1974,Poules,Poland ,Italy ,1974-01-01,2,1,home_team,Stuttgart,236
1974,Demi-finales,Yugoslavia ,FRG ,1974-01-01,0,2,away_home,Düsseldorf,237
1974,Demi-finales,Netherlands ,Argentina,1974-01-01,4,0,home_team,Gelsenkirchen,238
1974,Demi-finales,Brazil ,GDR ,1974-01-01,1,0,home_team,Hannover,239
1974,Demi-finales,GDR ,Netherlands ,1974-01-01,0,2,away_home,Gelsenkirchen,240
1974,Troisième place,Poland ,Brazil ,1974-01-01,1,0,home_team,München,241
1974,Demi-finales,Poland ,Yugoslavia ,1974-01-01,2,1,home_team,Frankfurt Am Main,242
1974,Demi-finales,FRG ,Sweden ,1974-01-01,4,2,home_team,Düsseldorf,243
1974,Demi-finales,Poland ,FRG ,1974-01-01,0,1,away_home,Frankfurt Am Main,244
1974,Demi-finales,Netherlands ,Brazil ,1974-01-01,2,0,home_team,Dortmund,245
1974,Demi-finales,Argentina,GDR ,1974-01-01,1,1,draw,Gelsenkirchen,246
1974,Demi-finales,Sweden ,Yugoslavia ,1974-01-01,2,1,home_team,Düsseldorf,247
1974,Finale,FRG ,Netherlands ,1974-01-01,2,1,home_team,München,248
1974,Poules,Bulgaria ,Netherlands ,1974-01-01,1,4,away_home,Dortmund,249
1974,Demi-finales,Argentina,Brazil ,1974-01-01,1,2,away_home,Hannover,250
1974,Poules,GDR ,FRG ,1974-01-01,1,0,home_team,Hamburg,251
1974,Poules,Netherlands ,Sweden ,1974-01-01,0,0,draw,Dortmund,252
1974,Poules,Zaire ,Brazil ,1974-01-01,0,3,away_home,Gelsenkirchen,253
1974,Poules,FRG ,Chile,1974-01-01,1,0,home_team,West-Berlin,254
1974,Poules,GDR ,Australia,1974-01-01,2,0,home_team,Hamburg,255
1974,Poules,Zaire ,Scotland,1974-01-01,0,2,away_home,Dortmund,256
1974,Poules,Sweden ,Bulgaria ,1974-01-01,0,0,draw,Düsseldorf,257
1974,Poules,Uruguay,Netherlands ,1974-01-01,0,2,away_home,Hannover,258
1974,Poules,Italy ,Haiti ,1974-01-01,3,1,home_team,München,259
1974,Poules,Poland ,Argentina,1974-01-01,3,2,home_team,Stuttgart,260
1974,Poules,Australia,FRG ,1974-01-01,0,3,away_home,Hamburg,261
1974,Poules,Brazil ,Yugoslavia ,1974-01-01,0,0,draw,Frankfurt Am Main,262
1974,Poules,Yugoslavia ,Zaire ,1974-01-01,9,0,home_team,Gelsenkirchen,263
1974,Poules,Scotland,Brazil ,1974-01-01,0,0,draw,Frankfurt Am Main,264
1974,Poules,Scotland,Yugoslavia ,1974-01-01,1,1,draw,Frankfurt Am Main,265
1974,Poules,Bulgaria ,Uruguay,1974-01-01,1,1,draw,Hannover,266
1974,Poules,Haiti ,Poland ,1974-01-01,0,7,away_home,München,267
1974,Poules,Argentina,Italy ,1974-01-01,1,1,draw,Stuttgart,268
1974,Poules,Australia,Chile,1974-01-01,0,0,draw,West-Berlin,269
1974,Poules,Chile,GDR ,1974-01-01,1,1,draw,West-Berlin,270
1978,Poules,Brazil ,Austria ,1978-01-01,1,0,home_team,Mar_Del_Plata,271
1978,Poules,Scotland,Netherlands ,1978-01-01,3,2,home_team,Mendoza,272
1978,Demi-finales,Netherlands ,Austria ,1978-01-01,5,1,home_team,Córdoba,273
1978,Demi-finales,FRG ,Italy ,1978-01-01,0,0,draw,Buenos Aires,274
1978,Demi-finales,Brazil ,Peru ,1978-01-01,3,0,home_team,Mendoza,275
1978,Demi-finales,Argentina,Poland ,1978-01-01,2,0,home_team,Rosario,276
1978,Demi-finales,Poland ,Peru ,1978-01-01,1,0,home_team,Mendoza,277
1978,Demi-finales,FRG ,Netherlands ,1978-01-01,2,2,draw,Córdoba,278
1978,Demi-finales,Netherlands ,Italy ,1978-01-01,2,1,home_team,Buenos Aires,279
1978,Demi-finales,Argentina,Brazil ,1978-01-01,0,0,draw,Rosario,280
1978,Demi-finales,Austria ,FRG ,1978-01-01,3,2,home_team,Córdoba,281
1978,Demi-finales,Brazil ,Poland ,1978-01-01,3,1,home_team,Mendoza,282
1978,Demi-finales,Argentina,Peru ,1978-01-01,6,0,home_team,Rosario,283
1978,Troisième place,Brazil ,Italy ,1978-01-01,2,1,home_team,Buenos Aires,284
1978,Finale,Argentina,Netherlands ,1978-01-01,3,1,home_team,Buenos Aires,285
1978,Poules,Spain ,Sweden ,1978-01-01,1,0,home_team,Buenos Aires,286
1978,Demi-finales,Italy ,Austria ,1978-01-01,1,0,home_team,Buenos Aires,287
1978,Poules,Italy ,Argentina,1978-01-01,1,0,home_team,Buenos Aires,288
1978,Poules,Peru ,Iran ,1978-01-01,4,1,home_team,Córdoba,289
1978,Poules,FRG ,Tunisia ,1978-01-01,0,0,draw,Córdoba,290
1978,Poules,Poland ,Mexico ,1978-01-01,3,1,home_team,Rosario,291
1978,Poules,FRG ,Poland ,1978-01-01,0,0,draw,Buenos Aires,292
1978,Poules,Italy ,France,1978-01-01,2,1,home_team,Mar_Del_Plata,293
1978,Poules,Tunisia ,Mexico ,1978-01-01,3,1,home_team,Rosario,294
1978,Poules,Austria ,Spain ,1978-01-01,2,1,home_team,Buenos Aires,295
1978,Poules,Sweden ,Brazil ,1978-01-01,1,1,draw,Mar_Del_Plata,296
1978,Poules,Peru ,Scotland,1978-01-01,3,1,home_team,Córdoba,297
1978,Poules,Netherlands ,Iran ,1978-01-01,3,0,home_team,Mendoza,298
1978,Poules,Italy ,Hungary ,1978-01-01,3,1,home_team,Mar_Del_Plata,299
1978,Poules,Argentina,Hungary ,1978-01-01,2,1,home_team,Buenos Aires,300
1978,Poules,Poland ,Tunisia ,1978-01-01,1,0,home_team,Rosario,301
1978,Poules,Argentina,France,1978-01-01,2,1,home_team,Buenos Aires,302
1978,Poules,Austria ,Sweden ,1978-01-01,1,0,home_team,Buenos Aires,303
1978,Poules,Brazil ,Spain ,1978-01-01,0,0,draw,Mar_Del_Plata,304
1978,Poules,Scotland,Iran ,1978-01-01,1,1,draw,Córdoba,305
1978,Poules,Netherlands ,Peru ,1978-01-01,0,0,draw,Mendoza,306
1978,Poules,FRG ,Mexico ,1978-01-01,6,0,home_team,Córdoba,307
1978,Poules,France,Hungary ,1978-01-01,3,1,home_team,Mar_Del_Plata,308
1982,Quarts de finale,Poland ,Belgium ,1982-01-01,3,0,home_team,Barcelona,309
1982,Quarts de finale,Austria ,France,1982-01-01,0,1,away_home,Madrid,310
1982,Poules,Northern Ireland ,Spain ,1982-01-01,1,0,home_team,Valencia,311
1982,Poules,England,Kuwait ,1982-01-01,1,0,home_team,Bilbao,312
1982,Poules,FRG ,Austria ,1982-01-01,1,0,home_team,Gijón,313
1982,Poules,Algeria ,Chile,1982-01-01,3,2,home_team,Oviedo,314
1982,Poules,France,Czechoslovakia ,1982-01-01,1,1,draw,Valladolid,315
1982,Poules,Brazil ,New Zealand ,1982-01-01,4,0,home_team,Sevilla,316
1982,Poules,Argentina,El Salvador,1982-01-01,2,0,home_team,Alicante,317
1982,Quarts de finale,Italy ,Argentina,1982-01-01,2,1,home_team,Barcelona,318
1982,Poules,Honduras,Yugoslavia ,1982-01-01,0,1,away_home,Zaragoza,319
1982,Quarts de finale,FRG ,England,1982-01-01,0,0,draw,Madrid,320
1982,Demi-finales,Poland ,Italy ,1982-01-01,0,2,away_home,Barcelona,321
1982,Quarts de finale,Belgium ,Soviet Union ,1982-01-01,0,1,away_home,Barcelona,322
1982,Quarts de finale,Argentina,Brazil ,1982-01-01,1,3,away_home,Barcelona,323
1982,Quarts de finale,FRG ,Spain ,1982-01-01,2,1,home_team,Madrid,324
1982,Quarts de finale,France,Northern Ireland ,1982-01-01,4,1,home_team,Madrid,325
1982,Quarts de finale,Poland ,Soviet Union ,1982-01-01,0,0,draw,Barcelona,326
1982,Quarts de finale,Italy ,Brazil ,1982-01-01,3,2,home_team,Barcelona,327
1982,Quarts de finale,Spain ,England,1982-01-01,0,0,draw,Madrid,328
1982,Demi-finales,FRG ,France,1982-01-01,3,3,draw,Sevilla,329
1982,Troisième place,Poland ,France,1982-01-01,3,2,home_team,Alicante,330
1982,Finale,Italy ,FRG ,1982-01-01,3,1,home_team,Madrid,331
1982,Poules,Italy ,Cameroon ,1982-01-01,1,1,draw,Vigo,332
1982,Quarts de finale,Austria ,Northern Ireland ,1982-01-01,2,2,draw,Madrid,333
1982,Poules,Soviet Union ,Scotland,1982-01-01,2,2,draw,Málaga,334
1982,Poules,Czechoslovakia ,Kuwait ,1982-01-01,1,1,draw,Valladolid,335
1982,Poules,Poland ,Peru ,1982-01-01,5,1,home_team,La_Coruña,336
1982,Poules,Belgium ,Hungary ,1982-01-01,1,1,draw,Elche,337
1982,Poules,Argentina,Belgium ,1982-01-01,0,1,away_home,Barcelona,338
1982,Poules,Italy ,Poland ,1982-01-01,0,0,draw,Vigo,339
1982,Poules,Brazil ,Soviet Union ,1982-01-01,2,1,home_team,Sevilla,340
1982,Poules,Peru ,Cameroon ,1982-01-01,0,0,draw,La_Coruña,341
1982,Poules,Hungary ,El Salvador,1982-01-01,10,1,home_team,Elche,342
1982,Poules,Scotland,New Zealand ,1982-01-01,5,2,home_team,Málaga,343
1982,Poules,England,France,1982-01-01,3,1,home_team,Bilbao,344
1982,Poules,Spain ,Honduras,1982-01-01,1,1,draw,Valencia,345
1982,Poules,Chile,Austria ,1982-01-01,0,1,away_home,Oviedo,346
1982,Poules,Yugoslavia ,Northern Ireland ,1982-01-01,0,0,draw,Zaragoza,347
1982,Poules,FRG ,Algeria ,1982-01-01,1,2,away_home,Gijón,348
1982,Poules,Argentina,Hungary ,1982-01-01,4,1,home_team,Alicante,349
1982,Poules,Honduras,Northern Ireland ,1982-01-01,1,1,draw,Zaragoza,350
1982,Poules,Italy ,Peru ,1982-01-01,1,1,draw,Vigo,351
1982,Poules,Algeria ,Austria ,1982-01-01,0,2,away_home,Oviedo,352
1982,Poules,Spain ,Yugoslavia ,1982-01-01,2,1,home_team,Valencia,353
1982,Poules,England,Czechoslovakia ,1982-01-01,2,0,home_team,Bilbao,354
1982,Poules,FRG ,Chile,1982-01-01,4,1,home_team,Gijón,355
1982,Poules,France,Kuwait ,1982-01-01,4,1,home_team,Valladolid,356
1982,Poules,Belgium ,El Salvador,1982-01-01,1,0,home_team,Elche,357
1982,Poules,Poland ,Cameroon ,1982-01-01,0,0,draw,La_Coruña,358
1982,Poules,Brazil ,Scotland,1982-01-01,4,1,home_team,Sevilla,359
1982,Poules,Soviet Union ,New Zealand ,1982-01-01,3,0,home_team,Málaga,360
1986,Huitièmes de finale,Brazil ,Poland ,1986-01-01,4,0,home_team,Guadalajara,361
1986,Poules,Paraguay,Belgium ,1986-01-01,2,2,draw,Toluca,362
1986,Poules,Iraq ,Mexico ,1986-01-01,0,1,away_home,México Df,363
1986,Poules,England,Poland ,1986-01-01,3,0,home_team,Monterrey,364
1986,Poules,Portugal,Morocco ,1986-01-01,1,3,away_home,Guadalajara,365
1986,Poules,Northern Ireland ,Brazil ,1986-01-01,0,3,away_home,Guadalajara,366
1986,Poules,Algeria ,Spain ,1986-01-01,0,3,away_home,Monterrey,367
1986,Poules,Denmark ,FRG ,1986-01-01,2,0,home_team,Querétaro,368
1986,Poules,Scotland,Uruguay,1986-01-01,0,0,draw,Nezahualcóyotl,369
1986,Huitièmes de finale,Mexico ,Bulgaria ,1986-01-01,2,0,home_team,México Df,370
1986,Huitièmes de finale,Soviet Union ,Belgium ,1986-01-01,3,4,away_home,León,371
1986,Huitièmes de finale,Argentina,Uruguay,1986-01-01,1,0,home_team,Puebla,372
1986,Troisième place,France,Belgium ,1986-01-01,4,2,home_team,Puebla,373
1986,Finale,Argentina,FRG ,1986-01-01,3,2,home_team,México Df,374
1986,Huitièmes de finale,Morocco ,FRG ,1986-01-01,0,1,away_home,Monterrey,375
1986,Huitièmes de finale,England,Paraguay,1986-01-01,3,0,home_team,México Df,376
1986,Huitièmes de finale,Denmark ,Spain ,1986-01-01,1,5,away_home,Querétaro,377
1986,Quarts de finale,Brazil ,France,1986-01-01,1,1,draw,Guadalajara,378
1986,Quarts de finale,FRG ,Mexico ,1986-01-01,0,0,draw,Monterrey,379
1986,Quarts de finale,Argentina,England,1986-01-01,2,1,home_team,México Df,380
1986,Quarts de finale,Spain ,Belgium ,1986-01-01,1,1,draw,Puebla,381
1986,Demi-finales,France,FRG ,1986-01-01,0,2,away_home,Guadalajara,382
1986,Demi-finales,Argentina,Belgium ,1986-01-01,2,0,home_team,México Df,383
1986,Poules,Argentina,Bulgaria ,1986-01-01,2,0,home_team,México Df,384
1986,Huitièmes de finale,Italy ,France,1986-01-01,0,2,away_home,México Df,385
1986,Poules,South Korea ,Italy ,1986-01-01,2,3,away_home,Puebla,386
1986,Poules,Uruguay,FRG ,1986-01-01,1,1,draw,Querétaro,387
1986,Poules,Hungary ,France,1986-01-01,0,3,away_home,León,388
1986,Poules,Bulgaria ,Italy ,1986-01-01,1,1,draw,México Df,389
1986,Poules,Spain ,Brazil ,1986-01-01,0,1,away_home,Guadalajara,390
1986,Poules,Canada,France,1986-01-01,0,1,away_home,León,391
1986,Poules,Argentina,South Korea ,1986-01-01,3,1,home_team,México Df,392
1986,Poules,Soviet Union ,Hungary ,1986-01-01,6,0,home_team,Irapuato,393
1986,Poules,Morocco ,Poland ,1986-01-01,0,0,draw,Monterrey,394
1986,Poules,Belgium ,Mexico ,1986-01-01,1,2,away_home,México Df,395
1986,Poules,Algeria ,Northern Ireland ,1986-01-01,1,1,draw,Guadalajara,396
1986,Poules,Portugal,England,1986-01-01,1,0,home_team,Monterrey,397
1986,Poules,Paraguay,Iraq ,1986-01-01,1,0,home_team,Toluca,398
1986,Poules,Scotland,Denmark ,1986-01-01,0,1,away_home,Nezahualcóyotl,399
1986,Poules,Soviet Union ,Canada,1986-01-01,2,0,home_team,Irapuato,400
1986,Poules,France,Soviet Union ,1986-01-01,1,1,draw,León,401
1986,Poules,South Korea ,Bulgaria ,1986-01-01,1,1,draw,México Df,402
1986,Poules,Hungary ,Canada,1986-01-01,2,0,home_team,Irapuato,403
1986,Poules,Brazil ,Algeria ,1986-01-01,1,0,home_team,Guadalajara,404
1986,Poules,England,Morocco ,1986-01-01,0,0,draw,Monterrey,405
1986,Poules,Mexico ,Paraguay,1986-01-01,1,1,draw,México Df,406
1986,Poules,Northern Ireland ,Spain ,1986-01-01,1,2,away_home,Guadalajara,407
1986,Poules,Poland ,Portugal,1986-01-01,1,0,home_team,Monterrey,408
1986,Poules,Iraq ,Belgium ,1986-01-01,1,2,away_home,Toluca,409
1986,Poules,FRG ,Scotland,1986-01-01,2,1,home_team,Querétaro,410
1986,Poules,Denmark ,Uruguay,1986-01-01,6,1,home_team,Nezahualcóyotl,411
1986,Poules,Italy ,Argentina,1986-01-01,1,1,draw,Puebla,412
1990,Huitièmes de finale,Cameroon ,Colombia,1990-01-01,2,1,home_team,Napoli,413
1990,Poules,Ireland ,Netherlands ,1990-01-01,1,1,draw,Palermo,414
1990,Poules,England,Egypt ,1990-01-01,1,0,home_team,Cagliari,415
1990,Poules,Belgium ,Spain ,1990-01-01,1,2,away_home,Verona,416
1990,Poules,Austria ,USA,1990-01-01,2,1,home_team,Firenze,417
1990,Poules,Sweden ,Costa Rica,1990-01-01,1,2,away_home,Genova,418
1990,Poules,Brazil ,Scotland,1990-01-01,1,0,home_team,Torino,419
1990,Poules,Italy ,Czechoslovakia ,1990-01-01,2,0,home_team,Roma,420
1990,Huitièmes de finale,Czechoslovakia ,Costa Rica,1990-01-01,4,1,home_team,Bari,421
1990,Poules,South Korea ,Uruguay,1990-01-01,0,1,away_home,Udine,422
1990,Huitièmes de finale,Brazil ,Argentina,1990-01-01,0,1,away_home,Torino,423
1990,Quarts de finale,Yugoslavia ,Argentina,1990-01-01,0,0,draw,Firenze,424
1990,Huitièmes de finale,Ireland ,Romania ,1990-01-01,0,0,draw,Genova,425
1990,Huitièmes de finale,Italy ,Uruguay,1990-01-01,2,0,home_team,Roma,426
1990,Huitièmes de finale,Spain ,Yugoslavia ,1990-01-01,1,2,away_home,Verona,427
1990,Huitièmes de finale,England,Belgium ,1990-01-01,1,0,home_team,Bologna,428
1990,Quarts de finale,Italy ,Ireland ,1990-01-01,1,0,home_team,Roma,429
1990,Quarts de finale,FRG ,Czechoslovakia ,1990-01-01,1,0,home_team,Milano,430
1990,Quarts de finale,England,Cameroon ,1990-01-01,3,2,home_team,Napoli,431
1990,Demi-finales,Italy ,Argentina,1990-01-01,1,1,draw,Napoli,432
1990,Demi-finales,FRG ,England,1990-01-01,1,1,draw,Torino,433
1990,Troisième place,Italy ,England,1990-01-01,2,1,home_team,Bari,434
1990,Poules,Yugoslavia ,United Arab Emirates ,1990-01-01,4,1,home_team,Bologna,435
1990,Huitièmes de finale,FRG ,Netherlands ,1990-01-01,2,1,home_team,Milano,436
1990,Finale,FRG ,Argentina,1990-01-01,1,0,home_team,Roma,437
1990,Poules,FRG ,Colombia,1990-01-01,1,1,draw,Milano,438
1990,Poules,Cameroon ,Soviet Union ,1990-01-01,0,4,away_home,Bari,439
1990,Poules,Argentina,Romania ,1990-01-01,1,1,draw,Napoli,440
1990,Poules,Argentina,Cameroon ,1990-01-01,0,1,away_home,Milano,441
1990,Poules,Soviet Union ,Romania ,1990-01-01,0,2,away_home,Bari,442
1990,Poules,United Arab Emirates ,Colombia,1990-01-01,0,2,away_home,Bologna,443
1990,Poules,Italy ,Austria ,1990-01-01,1,0,home_team,Roma,444
1990,Poules,USA,Czechoslovakia ,1990-01-01,1,5,away_home,Firenze,445
1990,Poules,Brazil ,Sweden ,1990-01-01,2,1,home_team,Torino,446
1990,Poules,Costa Rica,Scotland,1990-01-01,1,0,home_team,Genova,447
1990,Poules,England,Ireland ,1990-01-01,1,1,draw,Cagliari,448
1990,Poules,Belgium ,South Korea ,1990-01-01,2,0,home_team,Verona,449
1990,Poules,Netherlands ,Egypt ,1990-01-01,1,1,draw,Palermo,450
1990,Poules,Uruguay,Spain ,1990-01-01,0,0,draw,Udine,451
1990,Poules,FRG ,Yugoslavia ,1990-01-01,4,1,home_team,Milano,452
1990,Poules,Cameroon ,Romania ,1990-01-01,2,1,home_team,Bari,453
1990,Poules,Argentina,Soviet Union ,1990-01-01,2,0,home_team,Napoli,454
1990,Poules,Belgium ,Uruguay,1990-01-01,3,1,home_team,Verona,455
1990,Poules,South Korea ,Spain ,1990-01-01,1,3,away_home,Udine,456
1990,Poules,Sweden ,Scotland,1990-01-01,1,2,away_home,Genova,457
1990,Poules,England,Netherlands ,1990-01-01,0,0,draw,Cagliari,458
1990,Poules,Ireland ,Egypt ,1990-01-01,0,0,draw,Palermo,459
1990,Poules,FRG ,United Arab Emirates ,1990-01-01,5,1,home_team,Milano,460
1990,Poules,Austria ,Czechoslovakia ,1990-01-01,0,1,away_home,Firenze,461
1990,Poules,Italy ,USA,1990-01-01,1,0,home_team,Roma,462
1990,Poules,Yugoslavia ,Colombia,1990-01-01,1,0,home_team,Bologna,463
1990,Poules,Brazil ,Costa Rica,1990-01-01,1,0,home_team,Torino,464
1994,Huitièmes de finale,Spain ,Switzerland ,1994-01-01,3,0,home_team,Washington,465
1994,Huitièmes de finale,Germany ,Belgium ,1994-01-01,3,2,home_team,Chicago,466
1994,Poules,Greece ,Nigeria,1994-01-01,0,2,away_home,Boston,467
1994,Poules,Argentina,Bulgaria ,1994-01-01,0,2,away_home,Dallas,468
1994,Poules,Morocco ,Netherlands ,1994-01-01,1,2,away_home,Orlando,469
1994,Poules,Brazil ,Sweden ,1994-01-01,1,1,draw,Detroit,470
1994,Poules,Russia ,Cameroon ,1994-01-01,6,1,home_team,San_Francisco,471
1994,Poules,Ireland ,Norway ,1994-01-01,0,0,draw,New_York,472
1994,Poules,Italy ,Mexico ,1994-01-01,1,1,draw,Washington,473
1994,Huitièmes de finale,Saudi Arabia ,Sweden ,1994-01-01,1,3,away_home,Dallas,474
1994,Poules,Belgium ,Saudi Arabia ,1994-01-01,0,1,away_home,Washington,475
1994,Huitièmes de finale,Romania ,Argentina,1994-01-01,3,2,home_team,Los Angeles,476
1994,Poules,Germany ,South Korea ,1994-01-01,3,2,home_team,Dallas,477
1994,Huitièmes de finale,Brazil ,USA,1994-01-01,1,0,home_team,San_Francisco,478
1994,Huitièmes de finale,Nigeria,Italy ,1994-01-01,1,2,away_home,Boston,479
1994,Huitièmes de finale,Mexico ,Bulgaria ,1994-01-01,1,1,draw,New_York,480
1994,Quarts de finale,Italy ,Spain ,1994-01-01,2,1,home_team,Boston,481
1994,Quarts de finale,Netherlands ,Brazil ,1994-01-01,2,3,away_home,Dallas,482
1994,Quarts de finale,Bulgaria ,Germany ,1994-01-01,2,1,home_team,New_York,483
1994,Quarts de finale,Romania ,Sweden ,1994-01-01,2,2,draw,San_Francisco,484
1994,Demi-finales,Bulgaria ,Italy ,1994-01-01,1,2,away_home,New_York,485
1994,Demi-finales,Sweden ,Brazil ,1994-01-01,0,1,away_home,Los Angeles,486
1994,Troisième place,Sweden ,Bulgaria ,1994-01-01,4,0,home_team,Los Angeles,487
1994,Finale,Brazil ,Italy ,1994-01-01,0,0,draw,Los Angeles,488
1994,Huitièmes de finale,Netherlands ,Ireland ,1994-01-01,2,0,home_team,Orlando,489
1994,Poules,Bolivia,Spain ,1994-01-01,1,3,away_home,Chicago,490
1994,Poules,Mexico ,Ireland ,1994-01-01,2,1,home_team,Orlando,491
1994,Poules,Switzerland ,Colombia,1994-01-01,0,2,away_home,San_Francisco,492
1994,Poules,Germany ,Bolivia,1994-01-01,1,0,home_team,Chicago,493
1994,Poules,Spain ,South Korea ,1994-01-01,2,2,draw,Dallas,494
1994,Poules,Italy ,Ireland ,1994-01-01,0,1,away_home,New_York,495
1994,Poules,Colombia,Romania ,1994-01-01,1,3,away_home,Los Angeles,496
1994,Poules,USA,Switzerland ,1994-01-01,1,1,draw,Detroit,497
1994,Poules,Norway ,Mexico ,1994-01-01,1,0,home_team,Washington,498
1994,Poules,Cameroon ,Sweden ,1994-01-01,2,2,draw,Los Angeles,499
1994,Poules,Netherlands ,Saudi Arabia ,1994-01-01,2,1,home_team,Washington,500
1994,Poules,Brazil ,Russia ,1994-01-01,2,0,home_team,San_Francisco,501
1994,Poules,Argentina,Greece ,1994-01-01,4,0,home_team,Boston,502
1994,Poules,Germany ,Spain ,1994-01-01,1,1,draw,Chicago,503
1994,Poules,Belgium ,Morocco ,1994-01-01,1,0,home_team,Orlando,504
1994,Poules,Romania ,Switzerland ,1994-01-01,1,4,away_home,Detroit,505
1994,Poules,Nigeria,Bulgaria ,1994-01-01,3,0,home_team,Dallas,506
1994,Poules,Bulgaria ,Greece ,1994-01-01,4,0,home_team,Chicago,507
1994,Poules,Argentina,Nigeria,1994-01-01,2,1,home_team,Boston,508
1994,Poules,Belgium ,Netherlands ,1994-01-01,1,0,home_team,Orlando,509
1994,Poules,Sweden ,Russia ,1994-01-01,3,1,home_team,Detroit,510
1994,Poules,Saudi Arabia ,Morocco ,1994-01-01,2,1,home_team,New_York,511
1994,Poules,Brazil ,Cameroon ,1994-01-01,3,0,home_team,San_Francisco,512
1994,Poules,USA,Romania ,1994-01-01,0,1,away_home,Los Angeles,513
1994,Poules,South Korea ,Bolivia,1994-01-01,0,0,draw,Boston,514
1994,Poules,Italy ,Norway ,1994-01-01,1,0,home_team,New_York,515
1994,Poules,USA,Colombia,1994-01-01,2,1,home_team,Los Angeles,516
1998,Poules,USA,Yugoslavia ,1998-01-01,0,1,away_home,Nantes,517
1998,Poules,Japan ,Jamaica,1998-01-01,1,2,away_home,Lyon,518
1998,Poules,Argentina,Croatia ,1998-01-01,1,0,home_team,Bordeaux,519
1998,Poules,Germany ,Iran ,1998-01-01,2,0,home_team,Montpellier,520
1998,Poules,Colombia,England,1998-01-01,0,2,away_home,Lens,521
1998,Poules,Belgium ,South Korea ,1998-01-01,1,1,draw,Paris,522
1998,Poules,Scotland,Morocco ,1998-01-01,0,3,away_home,Saint-Étienne,523
1998,Poules,Spain ,Bulgaria ,1998-01-01,6,1,home_team,Lens,524
1998,Poules,Nigeria,Paraguay,1998-01-01,1,3,away_home,Toulouse,525
1998,Poules,South Africa ,Saudi Arabia ,1998-01-01,2,2,draw,Bordeaux,526
1998,Poules,France,Denmark ,1998-01-01,2,1,home_team,Lyon,527
1998,Poules,Romania ,Tunisia ,1998-01-01,1,1,draw,Paris,528
1998,Poules,Netherlands ,Mexico ,1998-01-01,2,2,draw,Saint-Étienne,529
1998,Huitièmes de finale,Italy ,Norway ,1998-01-01,1,0,home_team,Marseille,530
1998,Demi-finales,France,Croatia ,1998-01-01,2,1,home_team,Paris,531
1998,Huitièmes de finale,France,Paraguay,1998-01-01,1,0,home_team,Lens,532
1998,Huitièmes de finale,Nigeria,Denmark ,1998-01-01,1,4,away_home,Paris,533
1998,Huitièmes de finale,Germany ,Mexico ,1998-01-01,2,1,home_team,Montpellier,534
1998,Huitièmes de finale,Netherlands ,Yugoslavia ,1998-01-01,2,1,home_team,Toulouse,535
1998,Huitièmes de finale,Romania ,Croatia ,1998-01-01,0,1,away_home,Bordeaux,536
1998,Huitièmes de finale,Argentina,England,1998-01-01,2,2,draw,Saint-Étienne,537
1998,Quarts de finale,Italy ,France,1998-01-01,0,0,draw,Paris,538
1998,Quarts de finale,Brazil ,Denmark ,1998-01-01,3,2,home_team,Nantes,539
1998,Quarts de finale,Netherlands ,Argentina,1998-01-01,2,1,home_team,Marseille,540
1998,Quarts de finale,Germany ,Croatia ,1998-01-01,0,3,away_home,Lyon,541
1998,Demi-finales,Brazil ,Netherlands ,1998-01-01,1,1,draw,Marseille,542
1998,Poules,Italy ,Austria ,1998-01-01,2,1,home_team,Paris,543
1998,Troisième place,Croatia ,Netherlands ,1998-01-01,2,1,home_team,Paris,544
1998,Finale,France,Brazil ,1998-01-01,3,0,home_team,Paris,545
1998,Huitièmes de finale,Brazil ,Chile,1998-01-01,4,1,home_team,Paris,546
1998,Poules,Chile,Cameroon ,1998-01-01,1,1,draw,Nantes,547
1998,Poules,Brazil ,Norway ,1998-01-01,1,2,away_home,Marseille,548
1998,Poules,Colombia,Tunisia ,1998-01-01,1,0,home_team,Montpellier,549
1998,Poules,Romania ,England,1998-01-01,2,1,home_team,Toulouse,550
1998,Poules,Morocco ,Norway ,1998-01-01,2,2,draw,Montpellier,551
1998,Poules,Italy ,Chile,1998-01-01,2,2,draw,Bordeaux,552
1998,Poules,Cameroon ,Austria ,1998-01-01,1,1,draw,Toulouse,553
1998,Poules,Paraguay,Bulgaria ,1998-01-01,0,0,draw,Montpellier,554
1998,Poules,Saudi Arabia ,Denmark ,1998-01-01,0,1,away_home,Lens,555
1998,Poules,France,South Africa ,1998-01-01,3,0,home_team,Marseille,556
1998,Poules,Spain ,Nigeria,1998-01-01,2,3,away_home,Nantes,557
1998,Poules,South Korea ,Mexico ,1998-01-01,1,3,away_home,Lyon,558
1998,Poules,Netherlands ,Belgium ,1998-01-01,0,0,draw,Paris,559
1998,Poules,Argentina,Japan ,1998-01-01,1,0,home_team,Toulouse,560
1998,Poules,Yugoslavia ,Iran ,1998-01-01,1,0,home_team,Saint-Étienne,561
1998,Poules,Jamaica,Croatia ,1998-01-01,1,3,away_home,Lens,562
1998,Poules,England,Tunisia ,1998-01-01,2,0,home_team,Marseille,563
1998,Poules,Romania ,Colombia,1998-01-01,1,0,home_team,Lyon,564
1998,Poules,Brazil ,Scotland,1998-01-01,2,1,home_team,Paris,565
1998,Poules,Scotland,Norway ,1998-01-01,1,1,draw,Bordeaux,566
1998,Poules,Germany ,USA,1998-01-01,2,0,home_team,Paris,567
1998,Poules,Argentina,Jamaica,1998-01-01,5,0,home_team,Paris,568
1998,Poules,Germany ,Yugoslavia ,1998-01-01,2,2,draw,Lens,569
1998,Poules,Netherlands ,South Korea ,1998-01-01,5,0,home_team,Marseille,570
1998,Poules,Belgium ,Mexico ,1998-01-01,2,2,draw,Bordeaux,571
1998,Poules,Japan ,Croatia ,1998-01-01,0,1,away_home,Nantes,572
1998,Poules,USA,Iran ,1998-01-01,1,2,away_home,Lyon,573
1998,Poules,Nigeria,Bulgaria ,1998-01-01,1,0,home_team,Paris,574
1998,Poules,France,Saudi Arabia ,1998-01-01,4,0,home_team,Paris,575
1998,Poules,South Africa ,Denmark ,1998-01-01,1,1,draw,Toulouse,576
1998,Poules,Italy ,Cameroon ,1998-01-01,3,0,home_team,Montpellier,577
1998,Poules,Chile,Austria ,1998-01-01,1,1,draw,Saint-Étienne,578
1998,Poules,Brazil ,Morocco ,1998-01-01,3,0,home_team,Nantes,579
1998,Poules,Spain ,Paraguay,1998-01-01,0,0,draw,Saint-Étienne,580
2002,Poules,Poland ,USA,2002-01-01,3,1,home_team,Daejeon,581
2002,Poules,Tunisia ,Japan ,2002-01-01,0,2,away_home,Osaka,582
2002,Poules,Belgium ,Russia ,2002-01-01,3,2,home_team,Shizuoka,583
2002,Poules,Mexico ,Italy ,2002-01-01,1,1,draw,Oita,584
2002,Poules,Ecuador,Croatia ,2002-01-01,1,0,home_team,Yokohama,585
2002,Poules,Slovenia ,Paraguay,2002-01-01,1,3,away_home,Seogwipo,586
2002,Poules,Costa Rica,Brazil ,2002-01-01,2,5,away_home,Suwon,587
2002,Poules,South Africa ,Spain ,2002-01-01,2,3,away_home,Daejeon,588
2002,Poules,Nigeria,England,2002-01-01,0,0,draw,Osaka,589
2002,Poules,Sweden ,Argentina,2002-01-01,1,1,draw,Miyagi,590
2002,Poules,Portugal,South Korea ,2002-01-01,0,1,away_home,Incheon,591
2002,Poules,Cameroon ,Germany ,2002-01-01,0,2,away_home,Shizuoka,592
2002,Poules,Turkey ,China ,2002-01-01,3,0,home_team,Seoul,593
2002,Huitièmes de finale,Germany ,Paraguay,2002-01-01,1,0,home_team,Seogwipo,594
2002,Quarts de finale,England,Brazil ,2002-01-01,1,2,away_home,Shizuoka,595
2002,Huitièmes de finale,Sweden ,Senegal ,2002-01-01,1,2,away_home,Oita,596
2002,Huitièmes de finale,Spain ,Ireland ,2002-01-01,1,1,draw,Suwon,597
2002,Huitièmes de finale,Mexico ,USA,2002-01-01,0,2,away_home,Jeonju,598
2002,Huitièmes de finale,Brazil ,Belgium ,2002-01-01,2,0,home_team,Kobe,599
2002,Huitièmes de finale,Japan ,Turkey ,2002-01-01,0,1,away_home,Miyagi,600
2002,Huitièmes de finale,South Korea ,Italy ,2002-01-01,2,1,home_team,Daejeon,601
2002,Quarts de finale,Germany ,USA,2002-01-01,1,0,home_team,Ulsan,602
2002,Quarts de finale,Spain ,South Korea ,2002-01-01,0,0,draw,Gwangju,603
2002,Quarts de finale,Senegal ,Turkey ,2002-01-01,0,1,away_home,Osaka,604
2002,Demi-finales,Germany ,South Korea ,2002-01-01,1,0,home_team,Seoul,605
2002,Demi-finales,Brazil ,Turkey ,2002-01-01,1,0,home_team,Saitama,606
2002,Troisième place,Turkey ,South Korea ,2002-01-01,3,2,home_team,Daegu,607
2002,Finale,Brazil ,Germany ,2002-01-01,2,0,home_team,Yokohama,608
2002,Poules,Senegal ,Uruguay,2002-01-01,3,3,draw,Suwon,609
2002,Huitièmes de finale,Denmark ,England,2002-01-01,0,3,away_home,Niigata,610
2002,Poules,Denmark ,France,2002-01-01,2,0,home_team,Incheon,611
2002,Poules,Saudi Arabia ,Ireland ,2002-01-01,0,3,away_home,Yokohama,612
2002,Poules,Tunisia ,Belgium ,2002-01-01,1,1,draw,Oita,613
2002,Poules,Ireland ,Cameroon ,2002-01-01,1,1,draw,Niigata,614
2002,Poules,Uruguay,Denmark ,2002-01-01,1,2,away_home,Ulsan,615
2002,Poules,Germany ,Saudi Arabia ,2002-01-01,8,0,home_team,Sapporo,616
2002,Poules,Argentina,Nigeria,2002-01-01,1,0,home_team,Ibaraki,617
2002,Poules,Paraguay,South Africa ,2002-01-01,2,2,draw,Busan,618
2002,Poules,England,Sweden ,2002-01-01,1,1,draw,Saitama,619
2002,Poules,Spain ,Slovakia ,2002-01-01,3,1,home_team,Gwangju,620
2002,Poules,Croatia ,Mexico ,2002-01-01,0,1,away_home,Niigata,621
2002,Poules,Brazil ,Turkey ,2002-01-01,2,1,home_team,Ulsan,622
2002,Poules,Italy ,Ecuador,2002-01-01,2,0,home_team,Sapporo,623
2002,Poules,China ,Costa Rica,2002-01-01,0,2,away_home,Gwangju,624
2002,Poules,Japan ,Belgium ,2002-01-01,2,2,draw,Saitama,625
2002,Poules,South Korea ,Poland ,2002-01-01,2,0,home_team,Busan,626
2002,Poules,Russia ,Tunisia ,2002-01-01,2,0,home_team,Kobe,627
2002,Poules,USA,Portugal,2002-01-01,3,2,home_team,Suwon,628
2002,Poules,France,Senegal ,2002-01-01,0,1,away_home,Seoul,629
2002,Poules,Denmark ,Senegal ,2002-01-01,1,1,draw,Daegu,630
2002,Poules,Germany ,Ireland ,2002-01-01,1,1,draw,Ibaraki,631
2002,Poules,South Korea ,USA,2002-01-01,1,1,draw,Daegu,632
2002,Poules,Japan ,Russia ,2002-01-01,1,0,home_team,Yokohama,633
2002,Poules,Costa Rica,Turkey ,2002-01-01,1,1,draw,Incheon,634
2002,Poules,Mexico ,Ecuador,2002-01-01,2,1,home_team,Miyagi,635
2002,Poules,Brazil ,China ,2002-01-01,4,0,home_team,Seogwipo,636
2002,Poules,Portugal,Poland ,2002-01-01,4,0,home_team,Jeonju,637
2002,Poules,South Africa ,Slovakia ,2002-01-01,1,0,home_team,Daegu,638
2002,Poules,Argentina,England,2002-01-01,0,1,away_home,Sapporo,639
2002,Poules,Spain ,Paraguay,2002-01-01,3,1,home_team,Jeonju,640
2002,Poules,Italy ,Croatia ,2002-01-01,1,2,away_home,Ibaraki,641
2002,Poules,Sweden ,Nigeria,2002-01-01,2,1,home_team,Kobe,642
2002,Poules,France,Uruguay,2002-01-01,0,0,draw,Busan,643
2002,Poules,Cameroon ,Saudi Arabia ,2002-01-01,1,0,home_team,Saitama,644
2006,Poules,Ukraine ,Tunisia ,2006-01-01,1,0,home_team,Berlin,645
2006,Poules,Saudi Arabia ,Spain ,2006-01-01,0,1,away_home,Kaiserslautern,646
2006,Poules,Croatia ,Australia,2006-01-01,2,2,draw,Stuttgart,647
2006,Poules,Japan ,Brazil ,2006-01-01,1,4,away_home,Dortmund,648
2006,Poules,Ghana,USA,2006-01-01,2,1,home_team,Nürnberg,649
2006,Poules,Netherlands ,Argentina,2006-01-01,0,0,draw,Frankfurt Am Main,650
2006,Poules,Ivory Coast ,Serbia-Montenegro ,2006-01-01,3,2,home_team,München,651
2006,Poules,Togo,France,2006-01-01,0,2,away_home,Köln,652
2006,Poules,Iran ,Angola,2006-01-01,1,1,draw,Leipzig,653
2006,Poules,Portugal,Mexico ,2006-01-01,2,1,home_team,Gelsenkirchen,654
2006,Poules,Paraguay,Trinidad and Tobago,2006-01-01,2,0,home_team,Kaiserslautern,655
2006,Poules,Sweden ,England,2006-01-01,2,2,draw,Köln,656
2006,Poules,Costa Rica,Poland ,2006-01-01,1,2,away_home,Hannover,657
2006,Poules,Czech Republic ,Italy ,2006-01-01,0,2,away_home,Hamburg,658
2006,Poules,Switzerland ,South Korea ,2006-01-01,2,0,home_team,Hannover,659
2006,Huitièmes de finale,England,Ecuador,2006-01-01,1,0,home_team,Stuttgart,660
2006,Huitièmes de finale,Argentina,Mexico ,2006-01-01,2,1,home_team,Leipzig,661
2006,Huitièmes de finale,Portugal,Netherlands ,2006-01-01,1,0,home_team,Nürnberg,662
2006,Huitièmes de finale,Italy ,Australia,2006-01-01,1,0,home_team,Kaiserslautern,663
2006,Huitièmes de finale,Switzerland ,Ukraine ,2006-01-01,0,0,draw,Köln,664
2006,Huitièmes de finale,Spain ,France,2006-01-01,1,3,away_home,Hannover,665
2006,Quarts de finale,Germany ,Argentina,2006-01-01,1,1,draw,Berlin,666
2006,Quarts de finale,Italy ,Ukraine ,2006-01-01,3,0,home_team,Hamburg,667
2006,Quarts de finale,England,Portugal,2006-01-01,0,0,draw,Gelsenkirchen,668
2006,Quarts de finale,Brazil ,France,2006-01-01,0,1,away_home,Frankfurt Am Main,669
2006,Demi-finales,Germany ,Italy ,2006-01-01,0,2,away_home,Dortmund,670
2006,Demi-finales,Portugal,France,2006-01-01,0,1,away_home,München,671
2006,Troisième place,Germany ,Portugal,2006-01-01,3,1,home_team,Stuttgart,672
2006,Poules,Ecuador,Germany ,2006-01-01,0,3,away_home,Berlin,673
2006,Finale,Italy ,France,2006-01-01,1,1,draw,Berlin,674
2006,Huitièmes de finale,Germany ,Sweden ,2006-01-01,2,0,home_team,München,675
2006,Huitièmes de finale,Brazil ,Ghana,2006-01-01,3,0,home_team,Dortmund,676
2006,Poules,Spain ,Tunisia ,2006-01-01,3,1,home_team,Stuttgart,677
2006,Poules,Togo,Switzerland ,2006-01-01,0,2,away_home,Dortmund,678
2006,Poules,Saudi Arabia ,Ukraine ,2006-01-01,0,4,away_home,Hamburg,679
2006,Poules,Germany ,Costa Rica,2006-01-01,4,2,home_team,München,680
2006,Poules,Poland ,Ecuador,2006-01-01,0,2,away_home,Gelsenkirchen,681
2006,Poules,England,Paraguay,2006-01-01,1,0,home_team,Frankfurt Am Main,682
2006,Poules,Trinidad and Tobago,Sweden ,2006-01-01,0,0,draw,Dortmund,683
2006,Poules,Argentina,Ivory Coast ,2006-01-01,2,1,home_team,Hamburg,684
2006,Poules,Serbia-Montenegro ,Netherlands ,2006-01-01,0,1,away_home,Leipzig,685
2006,Poules,Mexico ,Iran ,2006-01-01,3,1,home_team,Nürnberg,686
2006,Poules,Australia,Japan ,2006-01-01,3,1,home_team,Kaiserslautern,687
2006,Poules,USA,Czech Republic ,2006-01-01,0,3,away_home,Gelsenkirchen,688
2006,Poules,Italy ,Ghana,2006-01-01,2,0,home_team,Hannover,689
2006,Poules,South Korea ,Togo,2006-01-01,2,1,home_team,Frankfurt Am Main,690
2006,Poules,France,Switzerland ,2006-01-01,0,0,draw,Stuttgart,691
2006,Poules,Brazil ,Croatia ,2006-01-01,1,0,home_team,Berlin,692
2006,Poules,Angola,Portugal,2006-01-01,0,1,away_home,Köln,693
2006,Poules,Tunisia ,Saudi Arabia ,2006-01-01,2,2,draw,München,694
2006,Poules,France,South Korea ,2006-01-01,1,1,draw,Leipzig,695
2006,Poules,Spain ,Ukraine ,2006-01-01,4,0,home_team,Leipzig,696
2006,Poules,Brazil ,Australia,2006-01-01,2,0,home_team,München,697
2006,Poules,Japan ,Croatia ,2006-01-01,0,0,draw,Nürnberg,698
2006,Poules,Italy ,USA,2006-01-01,1,1,draw,Kaiserslautern,699
2006,Poules,Portugal,Iran ,2006-01-01,2,0,home_team,Frankfurt Am Main,700
2006,Poules,Mexico ,Angola,2006-01-01,0,0,draw,Hannover,701
2006,Poules,Czech Republic ,Ghana,2006-01-01,0,2,away_home,Köln,702
2006,Poules,Argentina,Serbia-Montenegro ,2006-01-01,6,0,home_team,Gelsenkirchen,703
2006,Poules,Sweden ,Paraguay,2006-01-01,1,0,home_team,Berlin,704
2006,Poules,England,Trinidad and Tobago,2006-01-01,2,0,home_team,Nürnberg,705
2006,Poules,Ecuador,Costa Rica,2006-01-01,3,0,home_team,Hamburg,706
2006,Poules,Germany ,Poland ,2006-01-01,1,0,home_team,Dortmund,707
2006,Poules,Netherlands ,Ivory Coast ,2006-01-01,2,1,home_team,Stuttgart,708
2010,Poules,North Korea ,Ivory Coast ,2010-01-01,0,3,away_home,Nelspruit,709
2010,Poules,Denmark ,Japan ,2010-01-01,1,3,away_home,Rustenburg,710
2010,Poules,Portugal,Brazil ,2010-01-01,0,0,draw,Durban,711
2010,Finale,Netherlands ,Spain ,2010-01-01,0,1,away_home,Johannesburg,712
2010,Poules,Cameroon ,Netherlands ,2010-01-01,1,2,away_home,Cape Town,713
2010,Poules,Paraguay,New Zealand ,2010-01-01,0,0,draw,Polokwane,714
2010,Poules,Nigeria,South Korea ,2010-01-01,2,2,draw,Durban,715
2010,Poules,Australia,Serbia ,2010-01-01,2,1,home_team,Nelspruit,716
2010,Poules,Ghana,Germany ,2010-01-01,0,1,away_home,Johannesburg,717
2010,Poules,USA,Algeria ,2010-01-01,1,0,home_team,Pretoria,718
2010,Poules,Slovenia ,England,2010-01-01,0,1,away_home,Port_Elizabeth,719
2010,Poules,Greece ,Argentina,2010-01-01,0,2,away_home,Polokwane,720
2010,Poules,Chile,Spain ,2010-01-01,1,2,away_home,Pretoria,721
2010,Poules,Slovakia ,Italy ,2010-01-01,3,2,home_team,Johannesburg,722
2010,Poules,Switzerland ,Honduras,2010-01-01,0,0,draw,Bloemfontein,723
2010,Troisième place,Uruguay,Germany ,2010-01-01,2,3,away_home,Port_Elizabeth,724
2010,Huitièmes de finale,USA,Ghana,2010-01-01,1,2,away_home,Rustenburg,725
2010,Huitièmes de finale,Germany ,England,2010-01-01,4,1,home_team,Bloemfontein,726
2010,Huitièmes de finale,Argentina,Mexico ,2010-01-01,3,1,home_team,Johannesburg,727
2010,Huitièmes de finale,Netherlands ,Slovakia ,2010-01-01,2,1,home_team,Durban,728
2010,Huitièmes de finale,Brazil ,Chile,2010-01-01,3,0,home_team,Johannesburg,729
2010,Huitièmes de finale,Paraguay,Japan ,2010-01-01,0,0,draw,Pretoria,730
2010,Huitièmes de finale,Spain ,Portugal,2010-01-01,1,0,home_team,Cape Town,731
2010,Quarts de finale,Netherlands ,Brazil ,2010-01-01,2,1,home_team,Port_Elizabeth,732
2010,Quarts de finale,Uruguay,Ghana,2010-01-01,1,1,draw,Johannesburg,733
2010,Quarts de finale,Argentina,Germany ,2010-01-01,0,4,away_home,Cape Town,734
2010,Quarts de finale,Paraguay,Spain ,2010-01-01,0,1,away_home,Johannesburg,735
2010,Demi-finales,Uruguay,Netherlands ,2010-01-01,2,3,away_home,Cape Town,736
2010,Demi-finales,Germany ,Spain ,2010-01-01,0,1,away_home,Durban,737
2010,Poules,France,South Africa ,2010-01-01,1,2,away_home,Bloemfontein,738
2010,Huitièmes de finale,Uruguay,South Korea ,2010-01-01,2,1,home_team,Port_Elizabeth,739
2010,Poules,Mexico ,Uruguay,2010-01-01,0,1,away_home,Rustenburg,740
2010,Poules,France,Mexico ,2010-01-01,0,2,away_home,Polokwane,741
2010,Poules,Chile,Switzerland ,2010-01-01,1,0,home_team,Port_Elizabeth,742
2010,Poules,Spain ,Honduras,2010-01-01,2,0,home_team,Johannesburg,743
2010,Poules,South Africa ,Mexico ,2010-01-01,1,1,draw,Johannesburg,744
2010,Poules,Uruguay,France,2010-01-01,0,0,draw,Cape Town,745
2010,Poules,South Korea ,Greece ,2010-01-01,2,0,home_team,Port_Elizabeth,746
2010,Poules,Argentina,Nigeria,2010-01-01,1,0,home_team,Johannesburg,747
2010,Poules,England,USA,2010-01-01,1,1,draw,Rustenburg,748
2010,Poules,Algeria ,Slovenia ,2010-01-01,0,1,away_home,Polokwane,749
2010,Poules,Serbia ,Ghana,2010-01-01,0,1,away_home,Pretoria,750
2010,Poules,Netherlands ,Denmark ,2010-01-01,2,0,home_team,Johannesburg,751
2010,Poules,Japan ,Cameroon ,2010-01-01,1,0,home_team,Bloemfontein,752
2010,Poules,Italy ,Paraguay,2010-01-01,1,1,draw,Cape Town,753
2010,Poules,New Zealand ,Slovakia ,2010-01-01,1,1,draw,Rustenburg,754
2010,Poules,Ivory Coast ,Portugal,2010-01-01,0,0,draw,Port_Elizabeth,755
2010,Poules,Brazil ,North Korea ,2010-01-01,2,1,home_team,Johannesburg,756
2010,Poules,Germany ,Australia,2010-01-01,4,0,home_team,Durban,757
2010,Poules,Spain ,Switzerland ,2010-01-01,0,1,away_home,Durban,758
2010,Poules,Honduras,Chile,2010-01-01,0,1,away_home,Nelspruit,759
2010,Poules,Brazil ,Ivory Coast ,2010-01-01,3,1,home_team,Johannesburg,760
2010,Poules,Italy ,New Zealand ,2010-01-01,1,1,draw,Nelspruit,761
2010,Poules,Slovakia ,Paraguay,2010-01-01,0,2,away_home,Bloemfontein,762
2010,Poules,Cameroon ,Denmark ,2010-01-01,1,2,away_home,Pretoria,763
2010,Poules,Ghana,Australia,2010-01-01,1,1,draw,Rustenburg,764
2010,Poules,Netherlands ,Japan ,2010-01-01,1,0,home_team,Durban,765
2010,Poules,Portugal,North Korea ,2010-01-01,7,0,home_team,Cape Town,766
2010,Poules,Slovenia ,USA,2010-01-01,2,2,draw,Johannesburg,767
2010,Poules,Germany ,Serbia ,2010-01-01,0,1,away_home,Port_Elizabeth,768
2010,Poules,Greece ,Nigeria,2010-01-01,2,1,home_team,Bloemfontein,769
2010,Poules,Argentina,South Korea ,2010-01-01,4,1,home_team,Johannesburg,770
2010,Poules,South Africa ,Uruguay,2010-01-01,0,3,away_home,Pretoria,771
2010,Poules,England,Algeria ,2010-01-01,0,0,draw,Cape Town,772
2014,Poules,Brazil,Croatia,2014-06-12,3,1,home_team,Sao Paulo ,773
2014,Poules,Spain,Netherlands,2014-06-13,1,5,away_team,Salvador ,774
2014,Poules,Mexico,Cameroon,2014-06-13,1,0,home_team,Natal ,775
2014,Poules,Chile,Australia,2014-06-13,3,1,home_team,Cuiaba ,776
2014,Poules,Côte d'Ivoire,Japan,2014-06-14,2,1,home_team,Recife ,777
2014,Poules,England,Italy,2014-06-14,1,2,away_team,Manaus ,778
2014,Poules,Colombia,Greece,2014-06-14,3,0,home_team,Belo Horizonte ,779
2014,Poules,Uruguay,Costa Rica,2014-06-14,1,3,away_team,Fortaleza ,780
2014,Poules,Argentina,Bosnia and Herzegovina,2014-06-15,2,1,home_team,Rio De Janeiro ,781
2014,Poules,Switzerland,Ecuador,2014-06-15,2,1,home_team,Brasilia ,782
2014,Poules,France,Honduras,2014-06-15,3,0,home_team,Porto Alegre ,783
2014,Poules,IR Iran,Nigeria,2014-06-16,0,0,draw,Curitiba ,784
2014,Poules,Ghana,USA,2014-06-16,1,2,away_team,Natal ,785
2014,Poules,Germany,Portugal,2014-06-16,4,0,home_team,Salvador ,786
2014,Poules,Belgium,Algeria,2014-06-17,2,1,home_team,Belo Horizonte ,787
2014,Poules,Brazil,Mexico,2014-06-17,0,0,draw,Fortaleza ,788
2014,Poules,Russia,Korea Republic,2014-06-17,1,1,draw,Cuiaba ,789
2014,Poules,Australia,Netherlands,2014-06-18,2,3,away_team,Porto Alegre ,790
2014,Poules,Spain,Chile,2014-06-18,0,2,away_team,Rio De Janeiro ,791
2014,Poules,Cameroon,Croatia,2014-06-18,0,4,away_team,Manaus ,792
2014,Poules,Colombia,Côte d'Ivoire,2014-06-19,2,1,home_team,Brasilia ,793
2014,Poules,Uruguay,England,2014-06-19,2,1,home_team,Sao Paulo ,794
2014,Poules,Japan,Greece,2014-06-19,0,0,draw,Natal ,795
2014,Poules,Italy,Costa Rica,2014-06-20,0,1,away_team,Recife ,796
2014,Poules,Switzerland,France,2014-06-20,2,5,away_team,Salvador ,797
2014,Poules,Honduras,Ecuador,2014-06-20,1,2,away_team,Curitiba ,798
2014,Poules,Germany,Ghana,2014-06-21,2,2,draw,Fortaleza ,799
2014,Poules,Nigeria,Bosnia and Herzegovina,2014-06-21,1,0,home_team,Cuiaba ,800
2014,Poules,Argentina,IR Iran,2014-06-21,1,0,home_team,Belo Horizonte ,801
2014,Poules,Korea Republic,Algeria,2014-06-22,2,4,away_team,Porto Alegre ,802
2014,Poules,USA,Portugal,2014-06-22,2,2,draw,Manaus ,803
2014,Poules,Belgium,Russia,2014-06-22,1,0,home_team,Rio De Janeiro ,804
2014,Poules,Croatia,Mexico,2014-06-23,1,3,away_team,Recife ,805
2014,Poules,Australia,Spain,2014-06-23,0,3,away_team,Curitiba ,806
2014,Poules,Netherlands,Chile,2014-06-23,2,0,home_team,Sao Paulo ,807
2014,Poules,Cameroon,Brazil,2014-06-23,1,4,away_team,Brasilia ,808
2014,Poules,Greece,Côte d'Ivoire,2014-06-24,2,1,home_team,Fortaleza ,809
2014,Poules,Japan,Colombia,2014-06-24,1,4,away_team,Cuiaba ,810
2014,Poules,Italy,Uruguay,2014-06-24,0,1,away_team,Natal ,811
2014,Poules,Costa Rica,England,2014-06-24,0,0,draw,Belo Horizonte ,812
2014,Poules,Honduras,Switzerland,2014-06-25,0,3,away_team,Manaus ,813
2014,Poules,Nigeria,Argentina,2014-06-25,2,3,away_team,Porto Alegre ,814
2014,Poules,Bosnia and Herzegovina,IR Iran,2014-06-25,3,1,home_team,Salvador ,815
2014,Poules,Ecuador,France,2014-06-25,0,0,draw,Rio De Janeiro ,816
2014,Poules,Korea Republic,Belgium,2014-06-26,0,1,away_team,Sao Paulo ,817
2014,Poules,Algeria,Russia,2014-06-26,1,1,draw,Curitiba ,818
2014,Poules,USA,Germany,2014-06-26,0,1,away_team,Recife ,819
2014,Poules,Portugal,Ghana,2014-06-26,2,1,home_team,Brasilia ,820
2014,Huitièmes de finale,Colombia,Uruguay,2014-06-28,2,0,home_team,Rio De Janeiro ,821
2014,Huitièmes de finale,Brazil,Chile,2014-06-28,1,1,draw,Belo Horizonte ,822
2014,Huitièmes de finale,Costa Rica,Greece,2014-06-29,1,1,draw,Recife ,823
2014,Huitièmes de finale,Netherlands,Mexico,2014-06-29,2,1,home_team,Fortaleza ,824
2014,Huitièmes de finale,France,Nigeria,2014-06-30,2,0,home_team,Brasilia ,825
2014,Huitièmes de finale,Germany,Algeria,2014-06-30,2,1,home_team,Porto Alegre ,826
2014,Huitièmes de finale,Argentina,Switzerland,2014-07-01,1,0,home_team,Sao Paulo ,827
2014,Huitièmes de finale,Belgium,USA,2014-07-01,2,1,home_team,Salvador ,828
2014,Quarts de finale,France,Germany,2014-07-04,0,1,away_team,Rio De Janeiro ,829
2014,Quarts de finale,Brazil,Colombia,2014-07-04,2,1,home_team,Fortaleza ,830
2014,Quarts de finale,Netherlands,Costa Rica,2014-07-05,0,0,draw,Salvador ,831
2014,Quarts de finale,Argentina,Belgium,2014-07-05,1,0,home_team,Brasilia ,832
2014,Demi-finales,Brazil,Germany,2014-07-08,1,7,away_team,Belo Horizonte ,833
2014,Demi-finales,Netherlands,Argentina,2014-07-09,0,0,draw,Sao Paulo ,834
2014,Troisième place,Brazil,Netherlands,2014-07-12,0,3,away_team,Brasilia ,835
2014,Finale,Germany,Argentina,2014-07-13,1,0,home_team,Rio De Janeiro ,836
2018,Poules,Russia,Saudi Arabia,2018-06-14,5,0,home_team,Moscow,837
2018,Poules,Morocco,Iran,2018-06-15,0,1,away_home,Saint Petersburg,838
2018,Poules,Portugal,Spain,2018-06-15,3,3,draw,Sochi,839
2018,Poules,Egypt,Uruguay,2018-06-15,0,1,away_home,Yekaterinburg,840
2018,Poules,Croatia,Nigeria,2018-06-16,2,0,home_team,Kaliningrad,841
2018,Poules,Argentina,Iceland,2018-06-16,1,1,draw,Moscow,842
2018,Poules,Peru,Denmark,2018-06-16,0,1,away_home,Saransk,843
2018,Poules,France,Australia,2018-06-16,2,1,home_team,Kazan,844
2018,Poules,Germany,Mexico,2018-06-17,0,1,away_home,Moscow,845
2018,Poules,Costa Rica,Serbia,2018-06-17,0,1,away_home,Samara,846
2018,Poules,Brazil,Switzerland,2018-06-17,1,1,draw,Rostov-on-Don,847
2018,Poules,Sweden,South Korea,2018-06-18,1,0,home_team,Nizhny Novgorod,848
2018,Poules,Tunisia,England,2018-06-18,1,2,away_home,Volgograd,849
2018,Poules,Belgium,Panama,2018-06-18,3,0,home_team,Sochi,850
2018,Poules,Russia,Egypt,2018-06-19,3,1,home_team,Saint Petersburg,851
2018,Poules,Poland,Senegal,2018-06-19,1,2,away_home,Moscow,852
2018,Poules,Colombia,Japan,2018-06-19,1,2,away_home,Saransk,853
2018,Poules,Portugal,Morocco,2018-06-20,1,0,home_team,Moscow,854
2018,Poules,Iran,Spain,2018-06-20,0,1,away_home,Kazan,855
2018,Poules,Uruguay,Saudi Arabia,2018-06-20,1,0,home_team,Rostov-on-Don,856
2018,Poules,Denmark,Australia,2018-06-21,1,1,draw,Samara,857
2018,Poules,Argentina,Croatia,2018-06-21,0,3,away_home,Nizhny Novgorod,858
2018,Poules,France,Peru,2018-06-21,1,0,home_team,Yekaterinburg,859
2018,Poules,Nigeria,Iceland,2018-06-22,2,0,home_team,Volgograd,860
2018,Poules,Serbia,Switzerland,2018-06-22,1,2,away_home,Kaliningrad,861
2018,Poules,Brazil,Costa Rica,2018-06-22,2,0,home_team,Saint Petersburg,862
2018,Poules,Germany,Sweden,2018-06-23,2,1,home_team,Sochi,863
2018,Poules,South Korea,Mexico,2018-06-23,1,2,away_home,Rostov-on-Don,864
2018,Poules,Belgium,Tunisia,2018-06-23,5,2,home_team,Moscow,865
2018,Poules,Japan,Senegal,2018-06-24,2,2,draw,Yekaterinburg,866
2018,Poules,Poland,Colombia,2018-06-24,0,3,away_home,Kazan,867
2018,Poules,England,Panama,2018-06-24,6,1,home_team,Nizhny Novgorod,868
2018,Poules,Iran,Portugal,2018-06-25,1,1,draw,Saransk,869
2018,Poules,Saudi Arabia,Egypt,2018-06-25,2,1,home_team,Volgograd,870
2018,Poules,Spain,Morocco,2018-06-25,2,2,draw,Kaliningrad,871
2018,Poules,Uruguay,Russia,2018-06-25,3,0,home_team,Samara,872
2018,Poules,Nigeria,Argentina,2018-06-26,1,2,away_home,Saint Petersburg,873
2018,Poules,Iceland,Croatia,2018-06-26,1,2,away_home,Rostov-on-Don,874
2018,Poules,Denmark,France,2018-06-26,0,0,draw,Moscow,875
2018,Poules,Australia,Peru,2018-06-26,0,2,away_home,Sochi,876
2018,Poules,Serbia,Brazil,2018-06-27,0,2,away_home,Moscow,877
2018,Poules,South Korea,Germany,2018-06-27,2,0,home_team,Kazan,878
2018,Poules,Mexico,Sweden,2018-06-27,0,3,away_home,Yekaterinburg,879
2018,Poules,Switzerland,Costa Rica,2018-06-27,2,2,draw,Nizhny Novgorod,880
2018,Poules,England,Belgium,2018-06-28,0,1,away_home,Kaliningrad,881
2018,Poules,Panama,Tunisia,2018-06-28,1,2,away_home,Saransk,882
2018,Poules,Senegal,Colombia,2018-06-28,0,1,away_home,Samara,883
2018,Poules,Japan,Poland,2018-06-28,0,1,away_home,Volgograd,884
2018,Huitièmes de finale,Uruguay,Portugal,2018-06-30,2,1,home_team,Sochi,885
2018,Huitièmes de finale,France,Argentina,2018-06-30,4,3,home_team,Kazan,886
2018,Huitièmes de finale,Croatia,Denmark,2018-07-01,1,1,draw,Nizhny Novgorod,887
2018,Huitièmes de finale,Spain,Russia,2018-07-01,1,1,draw,Moscow,888
2018,Huitièmes de finale,Belgium,Japan,2018-07-02,3,2,home_team,Rostov-on-Don,889
2018,Huitièmes de finale,Brazil,Mexico,2018-07-02,2,0,home_team,Samara,890
2018,Huitièmes de finale,Colombia,England,2018-07-03,1,1,draw,Moscow,891
2018,Huitièmes de finale,Sweden,Switzerland,2018-07-03,1,0,home_team,Saint Petersburg,892
2018,Quarts de finale,Brazil,Belgium,2018-07-06,1,2,away_home,Kazan,893
2018,Quarts de finale,Uruguay,France,2018-07-06,0,2,away_home,Nizhny Novgorod,894
2018,Quarts de finale,Sweden,England,2018-07-07,0,2,away_home,Samara,895
2018,Quarts de finale,Russia,Croatia,2018-07-07,2,2,draw,Sochi,896
2018,Demi-finales,France,Belgium,2018-07-10,1,0,home_team,Saint Petersburg,897
2018,Demi-finales,Croatia,England,2018-07-11,2,1,home_team,Moscow,898
2018,Troisième place,Belgium,England,2018-07-14,2,0,home_team,Saint Petersburg,899
2018,Finale,France,Croatia,2018-07-15,4,2,home_team,Moscow,900
2022,Poules,Qatar,Ecuador,2022-11-20,0,2,away_team,Al Khor,901
2022,Poules,England,Iran,2022-11-21,6,2,home_team,Ar-Rayyan,902
2022,Poules,Senegal,Netherlands,2022-11-21,0,2,away_team,Doha,903
2022,Poules,United States,Wales,2022-11-21,1,1,draw,Ar-Rayyan,904
2022,Poules,Argentina,Saudi Arabia,2022-11-22,1,2,away_team,Al Daayen,905
2022,Poules,Denmark,Tunisia,2022-11-22,0,0,draw,Doha,906
2022,Poules,Mexico,Poland,2022-11-22,0,0,draw,Doha,907
2022,Poules,France,Australia,2022-11-22,4,1,home_team,Al Wakrah,908
2022,Poules,Belgium,Canada,2022-11-23,1,0,home_team,Ar-Rayyan,909
2022,Poules,Spain,Costa Rica,2022-11-23,7,0,home_team,Doha,910
2022,Poules,Germany,Japan,2022-11-23,1,2,away_team,Ar-Rayyan,911
2022,Poules,Morocco,Croatia,2022-11-23,0,0,draw,Al Khor,912
2022,Poules,Brazil,Serbia,2022-11-24,2,0,home_team,Al Daayen,913
2022,Poules,Portugal,Ghana,2022-11-24,3,2,home_team,Doha,914
2022,Poules,Switzerland,Cameroon,2022-11-24,1,0,home_team,Al Wakrah,915
2022,Poules,Uruguay,Korea Republic,2022-11-24,0,0,draw,Doha,916
2022,Poules,England,United States,2022-11-25,0,0,draw,Al Khor,917
2022,Poules,Netherlands,Ecuador,2022-11-25,1,1,draw,Ar-Rayyan,918
2022,Poules,Qatar,Senegal,2022-11-25,1,3,away_team,Doha,919
2022,Poules,Wales,Iran,2022-11-25,0,2,away_team,Ar-Rayyan,920
2022,Poules,Tunisia,Australia,2022-11-26,0,1,away_team,Al Wakrah,921
2022,Poules,Poland,Saudi Arabia,2022-11-26,2,0,home_team,Doha,922
2022,Poules,France,Denmark,2022-11-26,2,1,home_team,Doha,923
2022,Poules,Argentina,Mexico,2022-11-26,2,0,home_team,Al Daayen,924
2022,Poules,Spain,Germany,2022-11-27,1,1,draw,Al Khor,925
2022,Poules,Japan,Costa Rica,2022-11-27,0,1,away_team,Ar-Rayyan,926
2022,Poules,Belgium,Morocco,2022-11-27,0,2,away_team,Doha,927
2022,Poules,Croatia,Canada,2022-11-27,4,1,home_team,Ar-Rayyan,928
2022,Poules,Brazil,Switzerland,2022-11-28,1,0,home_team,Doha,929
2022,Poules,Portugal,Uruguay,2022-11-28,2,0,home_team,Al Daayen,930
2022,Poules,Cameroon,Serbia,2022-11-28,3,3,draw,Al Wakrah,931
2022,Poules,Korea Republic,Ghana,2022-11-28,2,3,away_team,Doha,932
2022,Poules,Iran,United States,2022-11-29,0,1,away_team,Doha,933
2022,Poules,Wales,England,2022-11-29,0,3,away_team,Ar-Rayyan,934
2022,Poules,Netherlands,Qatar,2022-11-29,2,0,home_team,Al Khor,935
2022,Poules,Ecuador,Senegal,2022-11-29,1,2,away_team,Ar-Rayyan,936
2022,Poules,Tunisia,France,2022-11-30,1,0,home_team,Doha,937
2022,Poules,Australia,Denmark,2022-11-30,1,0,home_team,Al Wakrah,938
2022,Poules,Saudi Arabia,Mexico,2022-11-30,1,2,away_team,Al Daayen,939
2022,Poules,Poland,Argentina,2022-11-30,0,2,away_team,Doha,940
2022,Poules,Croatia,Belgium,2022-12-01,0,0,draw,Ar-Rayyan,941
2022,Poules,Canada,Morocco,2022-12-01,1,2,away_team,Doha,942
2022,Poules,Japan,Spain,2022-12-01,2,1,home_team,Ar-Rayyan,943
2022,Poules,Costa Rica,Germany,2022-12-01,2,4,away_team,Al Khor,944
2022,Poules,Serbia,Switzerland,2022-12-02,2,3,away_team,Doha,945
2022,Poules,Cameroon,Brazil,2022-12-02,1,0,home_team,Al Daayen,946
2022,Poules,Ghana,Uruguay,2022-12-02,0,2,away_team,Al Wakrah,947
2022,Poules,Korea Republic,Portugal,2022-12-02,2,1,home_team,Doha,948
2022,Huitièmes de finale,Argentina,Australia,2022-12-03,2,1,home_team,Ar-Rayyan,949
2022,Huitièmes de finale,Netherlands,United States,2022-12-03,3,1,home_team,Ar-Rayyan,950
2022,Huitièmes de finale,France,Poland,2022-12-04,3,1,home_team,Doha,951
2022,Huitièmes de finale,England,Senegal,2022-12-04,3,0,home_team,Al Khor,952
2022,Huitièmes de finale,Japan,Croatia,2022-12-05,1,1,away_team,Al Wakrah,953
2022,Huitièmes de finale,Brazil,Korea Republic,2022-12-05,4,1,home_team,Doha,954
2022,Huitièmes de finale,Portugal,Switzerland,2022-12-06,6,1,home_team,Al Daayen,955
2022,Huitièmes de finale,Morocco,Spain,2022-12-06,0,0,home_team,Doha,956
2022,Quarts de finale,Croatia,Brazil,2022-12-09,1,1,home_team,Doha,957
2022,Quarts de finale,Netherlands,Argentina,2022-12-09,2,2,away_team,Al Daayen,958
2022,Quarts de finale,Morocco,Portugal,2022-12-10,1,0,home_team,Doha,959
2022,Quarts de finale,England,France,2022-12-10,1,2,away_team,Al Khor,960
2022,Demi-finales,Argentina,Croatia,2022-12-13,3,0,home_team,Al Daayen,961
2022,Demi-finales,France,Morocco,2022-12-14,2,0,home_team,Al Khor,962
2022,Troisième place,Croatia,Morocco,2022-12-17,2,1,home_team,Ar-Rayyan,963
2022,Finale,Argentina,France,2022-12-18,3,3,home_team,Al Daayen,964
